,reason
3,no email
10,duplicate (same email)
11,no email
16,website is a social/hosted page
18,no email
25,duplicate (same email)
27,duplicate (same email)
28,duplicate (same email)
30,duplicate (same email)
36,no email
38,small cafe (no own-domain email)
39,no email
40,no email
45,no email
49,small cafe (no own-domain email)
50,duplicate (same email)
51,small cafe (no own-domain email)
52,small cafe (no own-domain email)
53,small cafe (no own-domain email)
54,small cafe (no own-domain email)
55,website is a social/hosted page
57,small cafe (no own-domain email)
58,small cafe (no own-domain email)
59,small cafe (no own-domain email)
60,no email
61,small cafe (no own-domain email)
62,website is a social/hosted page
63,website is a social/hosted page
64,no email
65,website is a social/hosted page
66,small cafe (no own-domain email)
67,website is a social/hosted page
68,website is a social/hosted page
69,website is a social/hosted page
71,small cafe (no own-domain email)
73,small cafe (no own-domain email)
79,duplicate (same email)
83,website is a social/hosted page
85,duplicate (same email)
88,no email
89,not a business (residence/compound/site office/person)
107,website is a social/hosted page
110,no email
111,no email
113,no email
135,duplicate (same email)
145,duplicate (same website)
148,not a business (residence/compound/site office/person)
150,no email
152,website is a social/hosted page
153,website is a social/hosted page
155,duplicate (same email)
166,website is a social/hosted page
230,no email
235,no website
252,duplicate (same email)
268,no email
270,no email
277,duplicate (same website)
278,duplicate (same website)
280,website is a social/hosted page
282,website is a social/hosted page
283,website is a social/hosted page
300,no email
312,not a business (residence/compound/site office/person)
315,no email
319,not a business (residence/compound/site office/person)
320,not a business (residence/compound/site office/person)
321,duplicate (same email)
323,not a business (residence/compound/site office/person)
328,not a business (residence/compound/site office/person)
329,not a business (residence/compound/site office/person)
330,no email
332,not a business (residence/compound/site office/person)
342,no email
346,duplicate (same email)
347,no email
354,no email
361,no email
367,no email
369,no email
370,no email
374,no email
375,no email
376,no email
378,no email
379,website is a social/hosted page
380,no email
385,no email
386,no email
387,no email
388,duplicate (same email)
389,no website
390,no email
392,no email
396,website is a social/hosted page
399,website is a social/hosted page
413,no email
417,website is a social/hosted page
418,duplicate (same email)
420,no email
425,not a business (residence/compound/site office/person)
426,no email
429,no email
430,not a business (residence/compound/site office/person)
432,junk email
433,no email
439,website is a social/hosted page
493,not a business (residence/compound/site office/person)
515,duplicate (same email)
524,duplicate (same email)
536,no email
537,no email
539,no email
540,no email
542,no email
543,no email
544,no email
545,no email
547,no email
569,junk email
574,website is a social/hosted page
578,duplicate (same email)
583,duplicate (same email)
584,duplicate (same email)
585,duplicate (same email)
595,no email
597,duplicate (same email)
598,no email
